{"cameraMode":{"drawMode":0,"name":"Shaded","section":"Shading Mode"},"sceneLighting":false,"audioPlay":false,"sceneViewState":{"showFog":true,"showMaterialUpdate":false,"showSkybox":true,"showFlares":true,"showImageEffects":true,"showParticleSystems":true},"in2DMode":false,"pivot":{"x":3.0665512084960939,"y":1.8329837322235108,"z":0.9412713050842285},"rotation":{"x":-0.022443875670433046,"y":0.9774140119552612,"z":-0.1390417367219925,"w":-0.15761210024356843},"size":2.6835720539093019,"orthographic":false}