{"cameraMode":{"drawMode":0,"name":"Shaded","section":"Shading Mode"},"sceneLighting":false,"audioPlay":false,"sceneViewState":{"showFog":true,"showMaterialUpdate":false,"showSkybox":true,"showFlares":true,"showImageEffects":true,"showParticleSystems":true},"in2DMode":false,"pivot":{"x":-3.140000104904175,"y":2.140000104904175,"z":-7.62000036239624},"rotation":{"x":-0.02584797702729702,"y":-0.24811449646949769,"z":-0.006638576742261648,"w":0.9683703780174255},"size":11.747474670410157,"orthographic":false}