{"cameraMode":{"drawMode":0,"name":"Shaded","section":"Shading Mode"},"sceneLighting":true,"audioPlay":false,"sceneViewState":{"showFog":true,"showMaterialUpdate":false,"showSkybox":true,"showFlares":true,"showImageEffects":true,"showParticleSystems":true},"in2DMode":false,"pivot":{"x":-3.140000104904175,"y":2.140000104904175,"z":-7.62000036239624},"rotation":{"x":-0.24910223484039308,"y":0.30635854601860049,"z":-0.08339617401361466,"w":-0.9149555563926697},"size":26.816808700561525,"orthographic":false}